No,fullName,ID,ipAddress,phoneNumber
1,Priscilla Matthews,384525101,80.119.117.187,523862672
2,Benjamin Douglas,660652470,104.29.98.222,557712987
3,Jacqueline Hughes,875322869,103.255.178.143,551448824
4,Max Dunn,338605579,88.144.81.24,543503816
5,Christy Neal,68672047,62.113.223.73,542202337
6,Jessica Rodriquez,150318228,12.189.93.218,558975263
7,Terri Gordon,482018827,212.74.99.171,505375808
8,Frank Hamilton,790979272,70.32.16.194,541414650
9,Felecia Ford,534268339,77.139.213.201,559328061
10,Aubree Long,39512322,121.113.29.210,507896703
11,Tristan Brewer,91900407,50.87.175.194,545165250
12,Mattie Ross,403769532,94.252.132.224,534831657
13,Miriam Caldwell,767862527,105.168.58.247,542739332
14,Dolores Robertson,68576123,139.228.93.215,545560916
15,Christina Hunt,470236670,75.128.159.27,549627649
16,Ethel Freeman,451148183,198.55.114.244,535050005
17,Marilyn Kelley,127141687,109.122.224.164,523314497
18,Marvin Kim,969423987,86.140.236.36,543576817
19,Monica Shelton,8736928,113.185.43.99,541350820
20,Flenn Neal,938993938,207.171.162.115,530574010
21,Timmothy Riley,366232932,71.69.19.61,548714955
22,Gladys Gomez,224058453,62.221.151.150,553118725
23,Ray Ortiz,140198631,123.139.35.70,501371777
24,Mike White,43993278,197.253.220.3,541117565
25,Terri Byrd,624213302,170.79.229.235,552658624
26,Joyce Duncan,760444406,104.237.52.50,524138666
27,Carole Garrett,133292698,106.10.73.22,523988066
28,Joan Jackson,976579458,24.66.90.83,552037957
29,Mark Black,622795052,191.6.137.31,537608013
30,Eugene Frazier,826328668,216.208.233.155,544545920
31,Terry Carr,222487571,103.19.16.90,527662962
32,Samuel Murray,562368886,8.40.166.238,505707479
33,Donald May,201431194,187.94.129.66,558091299
34,Claude Woods,637163908,78.170.254.42,537094406
35,Alan Steward,631615440,186.210.91.59,541849674
36,Christina Dean,379978463,156.210.111.98,521882261
37,Maurice Boyd,871700894,151.250.232.140,534230979
38,Daryl Mason,596921817,104.218.66.37,548206508
39,Alyssa Stephens,139193023,109.74.13.84,544077527
40,Stanley Rivera,432787646,195.184.106.3,536586531
41,Bill Mitchelle,353546336,209.58.169.183,520280447
42,Diana Peck,477398853,13.225.189.253,541500479
43,Owen Pearson,429480874,190.205.100.27,542685335
44,Alan Wheeler,21630314,185.5.17.140,526012379
45,Theresa Griffin,991133273,184.162.191.22,532713164
46,Dwayne Allen,840694103,80.119.117.49,551937240
47,Franklin Phillips,870256526,130.185.144.76,509060787
48,Greg Medina,18169151,104.20.218.249,508112956
49,Kirk Fuller,545884686,108.62.122.143,555611424
